{
  "project_info": {
    "project_number": "108342808869",
    "project_id": "home-rental-95e37",
    "storage_bucket": "home-rental-95e37.appspot.com"
  },
  "client": [
    {
      "client_info": {
        "mobilesdk_app_id": "1:108342808869:android:a18851ac0d1ed2e3744acc",
        "android_client_info": {
          "package_name": "com.mycompany.homerental"
        }
      },
      "oauth_client": [],
      "api_key": [
        {
          "current_key": "AIzaSyBkFzYKVMAit8KTQDzS-TYkNLHo2w6fH_M"
        }
      ],
      "services": {
        "appinvite_service": {
          "other_platform_oauth_client": []
        }
      }
    }
  ],
  "configuration_version": "1"
}